Data_ID,DL_ID,PreAmp,CPU_Ver,Latitude,Longitude,Depth_m,Deploy_Date,Recovery_Date,Status
ADRIA_JD_01,125-181019,742,2.87,42-20.651 N,17-49.235 E,1070,10/19/2018,6/4/2019,R
Aleut01-KS,47-100602,600,2.02Q,52-19.007 N,178-31.240 E,1092,6/2/2010,8/26/2010,R
Aleut02-BD,47-100826,600,2.02Q_B,52-38.000 N,175-37.990 E,783,8/26/2010,5/29/2011,R
Aleut03-BD,47-110530,600,2.02S,52-04.560 N,175-38.390 E,777,5/30/2011,8/18/2012,R
Antarc01-EI,05-140219,725,2.02S,60-53.214 S,55-57.238 W,762,2/16/2014,1/30/2015,R
Antarc_EA_01,132-190202,700,2.87,65-50.54 S,144-26.7 E,2217,2/2/2019,2/20/2019,R
Antarc_EIE_01,106-160203,729,2.84,61-15.112 S,53-29.006 W,1033,2/3/2016,1/23/2017,R
Antarc_SSI_01,05-150209,725,2.02S,61-27.469 S,57-56.515 W,768,2/9/2015,1/29/2016,R
ARCTIC01-A,06-060925,324,1.17,72-10.569 N,156-33.176 W,230,9/26/2006,8/17/2007,R
ARCTIC01-B,07-060925,325,1.17,72-27.523 N,157-23.364 W,246,9/25/2006,8/17/2007,R
ARCTIC02-B,07-070915,325,1.17,72-27.626 N,157-23.932 W,235,9/15/2007,8/14/2008,R
ARCTIC02-C,06-070914,409,1.17,72-47.908 N,158-23.880 W,328,9/14/2007,8/14/2008,R
ARCTIC03-B,07-080904,410,1.17,72-27.645 N,157-23.947 W,234,9/5/2008,8/17/2009,R
ARCTIC03-C,06-080905,474,1.17,72-47.926 N,158-23.913 W,327,9/5/2008,8/7/2009,R
ARCTIC04-A2,11-090914,493,1.17B,72-06.899 N,155-44.051 W,250,9/14/2009,NULL,S
ARCTIC04-B,07-090914,563,1.17,72-27.670 N,157-23.987 W,235,9/14/2009,9/10/2010,R
ARCTIC04-C,06-090914,562,1.17,72-47.941 N,158-23.937 W,337,9/14/2009,9/11/2010,R
ARCTIC05-B,07-100911,563,1.17,72-27.650 N,157-23.770 W,274,9/11/2010,10/8/2011,S
ARCTIC05-C,06-100923,562,1.17,72-47.939 N,158-23.941 W,343,9/23/2010,10/8/2011,R
ARCTIC06-C,06-111009,655,2.02S,72-47.400 N,158-23.940 W,340,10/9/2011,10/9/2012,S
ARCTIC07-C2,54-121012,681,2.02S,72-48.008 N,158-24.756 W,321,10/12/2012,10/13/2013,R
ARCTIC07-D,37-121011,684,2.02S,72-36.909 N,158-42.151 W,100,10/11/2012,10/13/2013,R
ARCTIC08-C2,37-131015,681,2.02S,72-48.010 N,158-24.760 W,322,10/15/2013,7/21/2014,R
ARCTIC09-C2,25-140721,720,2.02S,72-47.976 N,158-24.626 W,323,7/21/2014,7/25/2015,R
ARCTIC_C2_10,47-150727,728,2.02U,72-48.154 N,158-25.384 W,323,7/26/2015,10/28/2016,R
ARCTIC_C2_11,109-160909,780,2.85,72-48.098 N,158-25.061 W,227,9/9/2016,7/23/2017,R
ARCTIC_C2_12,109-170723,780,NULL,72-48.043 N,158-27.967 W,332,7/23/2017,NULL,R
ARCTIC_D_10,25-150818,735,2.02S,72-36.925 N,158-42.177 W,98,8/18/2015,10/28/2016,R
Baja_GI_01,121-181118,860,2.87,29-08.462 N,118-15.658 W,1113,11/18/2018,10/22/2019,R
BENIO_A_01,138-171005,802,2.87,34-16.515 N,129-35.530 W,NULL,10/5/2017,NULL,R
BENIO_B_01,NULL,NULL,NULL,NULL,NULL,NULL,NULL,NULL,R
BERING01-M2,NULL,NULL,NULL,56-51.620 N,164-03.520 W,70,4/1/2004,9/1/2004,R
BERING02-M2,NULL,NULL,NULL,56-51.620 N,164-03.520 W,70,9/1/2004,4/1/2005,R
BERING02-M4,NULL,NULL,NULL,57-51.649 N,167-52.624 W,71,9/1/2004,4/1/2005,R
BERING03-M2,14-050423,101,NULL,56-51.620 N,164-03.520 W,72,4/23/2005,?,R
BERING04-M2,06-050923,117,NULL,56-51.672 N,164-03.534 W,70,9/23/2005,?,R
BERING04-M4,14-050925,101,NULL,57-21.648 N,168-52.624 W,71,9/25/2005,?,R
BM01A,29-130610,709,2.02S,31-55.575 N,65-12.900 W,713,6/10/2013,3/11/2014,R
BM02A,29-140312,734,2.02S,31-55.415 N,65-12.113 W,732,3/12/2014,12/12/2014,R
BMA03,29-141213,723,2.02U,31-55.415 N,65-12.113 W,732,12/16/2014,7/1/2016,R
BRINS01,NULL,NULL,NULL,57-55.360 N,01-37.862 E,104,NULL,NULL,R
BRINS02,NULL,NULL,NULL,57-55.360 N,01-37.862 E,104,9/9/2011,2/5/2012,R
CANARC_BS_01,79-130914,715,2.02S,74-20.447 N,94-32.251 W,620,9/14/2013,8/31/2014,R
CANARC_BS_02,79-140909,738,2.02U,74-20.719 N,94-42.209 W,593,9/9/2014,8/28/2015,R
CANARC_BS_03,109-150912,694,2.84,74-20.722 N,94-40.372 W,590,9/12/2015,8/30/2017,R
CANARC_BS_04,NULL,694,NULL,74-25-146 N,94-42.316 W,554,9/3/2017,NULL,R
CANARC_LI_01,105-180928,720,NULL,72-15.260 N,80-34.205 W,313,9/27/2017,NULL,R
CANARC_PI_01,105-160528,720,2.84,72-43.460 N,76-13.990 W,800,5/28/2016,10/5/2016,R
CANARC_PI_02,105-161005,720,2.85,72-43.498 N,76-13.850 W,670,10/5/2015,8/13/2017,R
CANARC_PI_03,105-170814,720,NULL,72-43.490 N,76-13.790 W,670,8/14/2017,9/27/2018,R
CANARC_PI_04,102-180927,818,NULL,72-43.730 N,76-13.519 W,670,9/27/2018,9/21/2019,R
CCE1_SB_01,107-161008,818,2.85,33-28.970 N,122-34.560 W,812,10/8/2016,11/3/2017,R
CINMS01-B,13-080214,427,1.17,34-16.520 N,120-01.505 W,580,2/14/2008,4/16/2008,R
CINMS01-C,25-080212,429,1.17B,34-19.123 N,120-47.954 W,749,2/12/2008,4/17/2008,R
CINMS02-B,02-080416,451,1.17B,34-16.584 N,120-01.512 W,610,4/16/2008,6/6/2008,R
CINMS02-C,25-080417,452,1.17B,34-19.074 N,120-48.212 W,750,4/17/2008,7/23/2008,R
CINMS03-B,21-080722,472,1.17B,34-16.621 N,120-01.661 W,580,7/22/2008,10/13/2008,R
CINMS03-C,13-080723,478,1.17B,34-19.094 N,120-48.282 W,750,7/23/2008,10/14/2008,R
CINMS03-J,25-080724,471,1.17B,34-08.405 N,119-59.316 W,238,7/24/2008,10/14/2008,R
CINMS03-K,02-080724,413,1.17B,33-50.207 N,120-07.270 W,305,7/24/2008,10/14/2008,R
CINMS04-B,25-081015,471,1.17B,34-16.617 N,120-01.492 W,576,10/15/2008,12/2/2008,R
CINMS04-C,21-081014,472,1.17B,34-19.110 N,120-48.333 W,700,10/14/2008,12/3/2008,R
CINMS04-J,13-081015,478,1.17B,34-08.489 N,119-59.424 W,400,10/15/2008,11/25/2008,R
CINMS04-K,02-081015,413,1.17B,33-50.200 N,120-07.275 W,300,10/15/2008,12/2/2008,R
CINMS05-B,21-081204,472,1.17B,34-16.528 N,120-01.132 W,580,12/4/2008,3/12/2009,R
CINMS05-C,02-081203,413,1.17B,34-18.902 N,120-48.370 W,700,12/3/2008,3/11/2009,R
CINMS05-K2,25-081203,471,1.17B,33-59.956 N,120-32.431 W,556,12/3/2008,3/10/2009,R
CINMS06-B,25-090512,412,1.17B,34-16.667 N,120-01.613 W,580,5/12/2009,7/29/2009,R
CINMS07-J,26-090528,499,2.01X,34-08.365 N,119-59.346 W,250,5/28/2009,7/30/2009,R
CINMS07-K3,30-090528,498,2.01X,33-54.722 N,119-33.793 W,1000,5/29/2009,7/29/2009,R
CINMS08-B,25-090512,412,1.17B,34-16.634 N,120-01.506 W,580,7/30/2009,9/1/2009,R
CINMS08-J,26-090528,499,2.01,34-08.403 N,119-59.086 W,250,7/31/2009,9/1/2009,R
CINMS08-K3,30-090528,498,2.01,33-54.776 N,119-33.810 W,1000,7/31/2009,9/1/2009,R
CINMS09-B,25-090902,412,1.17B,34-16.732 N,120-01.664 W,580,9/2/2009,11/2/2009,R
CINMS09-C,30-090902,498,2.01,34-18.906 N,120-48.385 W,799,9/2/2009,11/3/2009,R
CINMS09-J,26-090902,499,2.01,34-08.381 N,119-59.507 W,242,9/2/2009,11/2/2009,R
CINMS10-B,30-091103,580,2.01A,34-16.720 N,120-01.614 W,580,11/3/2009,3/1/2010,R
CINMS10-C,25-091103,581,2.01A,34-19.108 N,120-48.465 W,780,11/3/2009,3/1/2010,R
CINMS12-B,30-100302,580,2.02Q,34-16.704 N,120-01.620 W,581,3/2/2010,6/23/2010,R
CINMS12-C,25-100302,581,2.02Q,34-19.097 N,120-48.445 W,801,3/2/2010,6/24/2010,R
CINMS13-B,25-102506,581,2.02Q,34-16.968 N,120-01.684 W,549,6/25/2010,10/8/2010,R
CINMS13-C,30,580,2.02Q,34-19.000 N,120-48.410 W,915,6/24/2010,11/15/2010,R
CINMS14-B,25-101008,581,2.02Q,34-16.985 N,120-01.696 W,580,10/8/2010,4/5/2011,R
CINMS15-C,30-101115,580,2.02Q,34-18.997 N,120-48.412 W,850,11/15/2010,4/5/2011,R
CINMS16-B,30-110406,580,2.02S,34-16.991 N,120-01.697 W,580,4/6/2011,10/24/2011,R
CINMS16-C,25-110405,581,2.02S,34-19.007 N,120-48.349 W,850,4/5/2011,10/24/2011,R
CINMS17-B,33-111024,646,2.02S,34-16.970 N,120-01.706 W,580,10/24/2011,3/21/2012,R
CINMS17-C,19-111024,650,2.02S,34-19.007 N,120-48.337 W,825,10/24/2011,3/24/2012,R
CINMS18-B,68-120321,618,2.02S,34-17.126 N,120-01.632 W,580,3/22/2012,8/1/2012,R
CINMS18-C,77-120324,645,2.05A,34-19.500 N,120-48.400 W,758,3/24/2012,8/1/2012,R
CINMS19-B,71-120802,672,2.02S,34-17.156 N,120-01.473 W,900,8/1/2012,NULL,R
CINMS19-C,17-120802,669,2.05A,34-19.384 N,120-48.384 W,800,8/1/2012,12/17/2012,R
CINMS20-B,80-121216,695,2.02S,34-17.131 N,120-01.636 W,900,12/16/2012,5/2/2013,R
CINMS20-C,82-121217,692,2.05A,34-19.020 N,120-48.336 W,800,12/17/2012,5/2/2013,R
CINMS21-B,71-130502,691,2.02S,34-17.112 N,120-01.640 W,580,5/2/2013,9/20/2013,R
CINMS21-C,33-130502,708,2.05A,34-19.013 N,120-48.333 W,814,5/2/2013,9/20/2013,R
CINMS22-B,81-130920,725,2.02S,34-17.115 N,120-01.639 W,535,9/20/2013,1/8/2014,R
CINMS22-C,71-130920,718,2.02S,34-19.013 N,120-48.333 W,823,9/21/2013,1/14/2014,R
CINMS23-B,80-140108,724,2.02S,34-17.098 N,120-01.685 W,573,1/8/2014,4/9/2014,R
CINMS23-C,33-140114,692,2.05A,34-18.973 N,120-48.295 W,828,1/14/2014,4/9/2014,R
CINMS24-B,54-140409,731,2.02S,34-17.099 N,120-01.639 W,580,4/9/2014,7/28/2014,R
CINMS24-C,16-140409,697,2.05A,34-19.452 N,120-48.369 W,754,4/9/2014,7/28/2014,R
CINMS25-B,13-140729,742,2.02S,34-17.143 N,120-01.650 W,NULL,7/29/2014,11/4/2014,R
CINMS25-C,33-140729,697,2.05A,34-19.483 N,120-48.414 W,770,7/29/2014,11/4/2014,R
CINMS26-B,34-141104,683,2.02S,34-17.157 N,120-01.695 W,600,11/4/2014,2/5/2015,R
CINMS26-C,16-141104,762,2.05A,34-19.474 N,120-48.474 W,600,11/4/2014,2/5/2015,R
CINMS27-B,89-150205,714,2.02S,34-17.168 N,120-01.717 W,600,2/5/2015,6/10/2015,R
CINMS27-C,33-150205,697,2.05A,34-19.562 N,120-48.407 W,755,2/5/2015,6/10/2015,R
CINMS28-B,89-150611,736,2.02S,34-17.097 N,120-01.634 W,580,6/11/2015,10/2/2015,R
CINMS28-C,16-150610,762,2.05A,34-19.562 N,120-48.405 W,754,6/10/2015,10/4/2015,R
CINMS29-B,108-151004,780,2.74,34-17.105 N,120-01.666 W,579,10/4/2015,12/16/2015,R
CINMS_B_30_00,101-151216,780,2.74,34-16.532 N,120-01.112 W,585,12/16/2015,7/27/2016,R
CINMS_B_30_0115,19-151216,809,2.02S,34-15.074 N,120-00.866 W,586,12/16/2015,2/19/2016,R
CINMS_B_30_0130,82-151216,808,2.02U,34-15.074 N,120-00.866 W,586,12/16/2015,2/22/2016,R
CINMS_B_30_0145,83-151216,810,2.02S,34-15.074 N,120-00.866 W,586,12/16/2015,2/19/2016,R
CINMS_B_30_03,89-151215,811,2.02S,34-14.895 N,120-01.638 W,586,12/15/2015,2/22/2016,R
CINMS_B_30_0515,86-151216,813,2.02U,34-14.513 N,120-01.181 W,585,12/16/2015,2/22/2016,R
CINMS_B_30_0530,71-151216,814,2.02U,34-14.513 N,120-01.181 W,585,12/16/2015,2/23/2016,R
CINMS_B_30_0545,56-151216,812,2.02S,34-14.513 N,120-01.181 W,585,12/16/2015,2/23/2016,R
CINMS_B_31,111-160726,738,2.85,34-17.095 N,120-01.630 W,578,7/27/2016,11/9/2016,R
CINMS_B_32,140-161109,834,2.86,34-17.104 N,120-01.603 W,580,11/9/2016,2/22/2017,R
CINMS_B_33,117-170222,856,2.86,34-17.062 N,120-01.560 W,579,2/22/2017,6/6/2017,R
CINMS_B_34,147-170608,855,2.86,34-17.062 N,120-01.596 W,580,6/8/2017,10/3/2017,R
CINMS_B_35,102-171003,823,2.87,34-16.534 N,120-01.113 W,577,10/3/2017,2/16/2018,R
CINMS_B_36,138-180216,858,2.87,34-16.566 N,120-01.087 W,577,2/16/2018,7/11/2018,R
CINMS_B_37,107-180711,803,2.87,34-16.588 N,120-01.066 W,576,7/11/2018,11/27/2018,R
CINMS_B_38,133-181127,738,2.87,34-14.903 N,120-01.618 W,585,11/27/2018,4/15/2019,R
CINMS_B_39,136-190415,728,2.87,34-14.940 N,120-01.662 W,588,4/15/2019,9/20/2019,R
CINMS_C_29,33-151004,762,2.05A,34-19.560 N,120-48.416 W,NULL,10/4/2015,3/16/2016,R
CINMS_C_30,16-160317,762,2.05A,34-19.430 N,120-48.412 W,755,3/16/2016,7/27/2016,R
CINMS_C_31,133-160726,697,2.6,34-19.477 N,120-48.417 W,756,7/27/2016,11/9/2016,R
CINMS_C_32,139-161108,762,2.61,34-19.455 N,120-48.426 W,760,11/9/2016,2/22/2017,R
CINMS_C_33,133-170222,697,2.62,34-19.446 N,120-48.308 W,755,2/22/2017,2/20/2017,R
CINMS_C_34,155-170608,762,2.62,34-19.436 N,120-48.341 W,755,6/8/2017,10/4/2017,R
CINMS_C_35,135-171004,697,2.63,34-19.412 N,120-48.445 W,755,10/4/2017,2/16/2018,R
CINMS_C_36,155-190217,762,2.63,34-19.440 N,120-48.389 W,758,2/17/2018,7/11/2018,R
CINMS_C_37,138-180711,697,2.63,34-19.365 N,120-48.567 W,766,7/11/2018,1/23/2019,R
CINMS_C_38,139-190124,762,2.63,34-19.366 N,120-48.556 W,765,1/23/2019,4/15/2019,R
CINMS_C_39,138-190415,697,2.63,34-19.409 N,120-48.493 W,765,4/15/2019,9/20/2019,R
CSM01-A,11-050426,NULL,NULL,18-43.325 N,158-15.230 W,398,4/26/2005,11/17/2005,R
CSM02-A,13-051118,H100/33,1.17,18-43.343 N,158-15.221 W,396,11/19/2005,11/27/2007,R
CSM_A_03,-160717,734,2.02U,18-43.334 N,158-15.224 W,400,7/17/2016,7/25/2016,R
DCPP01-A,33-121006,688,2.05A,35-36.650 N,121-14.500 W,65,11/6/2012,3/19/2013,R
DCPP01-B,27-121006,686,2.05A,35-09.590 N,120-53.140 W,97,11/6/2012,3/19/2013,R
DCPP01-C,67-121006,682,2.02S,35-24.000 N,121-33.750 W,1000,11/6/2012,3/19/2013,R
DCPP02-A,16-130320,686,2.05A,35-36.639 N,121-14.506 W,66,3/20/2013,9/20/2013,R
Equa01-A,10-120306,564,2.02Q,00-26.607 N,164-08.079 W,1266,3/5/2012,NULL,R
Flip06-F1,02-061003,309,1.17B,33-08.126 N,118-42.540 W,622,10/3/2006,11/1/2006,R
Flip07-1N,18-071110,427,1.17B,33-12.191 N,118-47.382 W,861,11/10/2007,12/11/2007,R
Flip07-2E,25-071110,429,1.17B,33-11.630 N,118-46.697 W,841,11/10/2007,12/11/2007,R
Flip07-3S,14-071110,426,1.17B,33-11.105 N,118-47.339 W,789,11/10/2007,12/11/2007,R
Flip07-4W,19-071110,429,1.17B,33-11.649 N,118-47.990 W,851,11/10/2007,12/11/2007,R
Flip07-H,05-071111,414,NULL,32-50.800 N,119-10.587 W,1013,11/11/2007,1/12/2008,R
Flip08-1N,29-081019,479,2.00*,33-03.023 N,118-40.893 W,328,10/19/2008,12/18/2008,R
Flip08-2E,26-081019,477,2.00Q,33-02.480 N,118-40.256 W,286,10/19/2008,12/18/2008,R
Flip08-3S,28-081019,480,2.00Q,33-01.937 N,118-40.893 W,404,10/19/2008,12/18/2008,R
Flip08-4W,27-081019,478,2.00*,33-02.476 N,118-41.538 W,428,10/19/2008,12/18/2008,R
G4_Sortie0,NULL,NULL,NULL,NULL,NULL,NULL,NULL,NULL,NULL
G4_Sortie1,NULL,NULL,NULL,NULL,NULL,NULL,NULL,NULL,NULL
G4_Sortie2,NULL,NULL,NULL,NULL,NULL,NULL,NULL,NULL,NULL
G5_Sortie0,NULL,NULL,NULL,NULL,NULL,NULL,NULL,NULL,NULL
G5_Sortie1,NULL,NULL,NULL,NULL,NULL,NULL,NULL,NULL,NULL
G5_Sortie2,NULL,NULL,NULL,NULL,NULL,NULL,NULL,NULL,NULL
GC-NE01,76-141120,761,2.02W,36-26.269 N,121-56.650 W,67,11/20/2014,6/25/2015,R
GC-NW01,55-141120,760,2.02W2,36-26.104 N,121-57.649 W,110,11/20/2014,6/25/2015,R
GC-SE01,19-141120,758,2.02W2,36-25.609 N,121-56.243 W,58,11/20/2014,6/25/2015,R
GC-SW01,39-141120,759,2.02W,36-25.123 N,121-56.955 W,94,11/20/2014,6/25/2015,R
GofAK_AB_01_01_HP,126-170428,812,2.86,57-30.820 N,146-30.050 W,1200,4/28/2017,9/13/2017,R
GofAK_CA01,37-110709,565,2.01A,59-00.510 N,148-54.495 W,202,7/11/2011,5/3/2012,R
GofAK_CA02,55-120503,626,2.02,59-00.410 N,148-54.460 W,203,5/3/2012,6/5/2013,R
GofAK_CA03,67-130605,697,2.05A,59-00.664 N,148-54.248 W,200,6/5/2013,9/5/2013,R
GofAK_CA04,55-130905,719,2.02S,59-00.609 N,148-53.963 W,203,9/5/2013,4/28/2014,R
GofAK_CA05,92-140428,707,2.02S,59-00.500 N,148-54.100 W,201,4/28/2014,9/9/2014,R
GofAK_CB01,55-110709,626,2.02,58-38.741 N,148-04.129 W,1000,7/12/2011,5/2/2012,R
GofAK_CB02,69-120503,648,2.02S,58-40.280 N,148-01.250 W,900,5/2/2012,6/6/2013,R
GofAK_CB03,55-130606,707,2.02S,58-40.409 N,148-00.546 W,877,6/6/2013,9/5/2013,R
GofAK_CB04,39-130905,678,2.02S,58-40.312 N,148-01.313 W,858,9/5/2013,4/28/2014,R
GofAK_CB05,91-140428,709,2.02S,58-40.260 N,148-01.430 W,914,4/28/2014,9/9/2014,R
GofAK_CB06,86-140909,711,2.02U,58-40.249 N,148-01.464 W,900,9/9/2014,5/1/2015,R
GofAK_CB_07_01,83-150501,742,2.02S,58-39.315 N,148-05.476 W,931,5/1/2015,9/13/2015,R
GofAK_CB_07_02_C4,106-150501,?;764;765;766,2.94,58-38.795 N,148-06.055 W,NULL,5/1/2015,9/13/2015,R
GofAK_CB_07_03_C4,107-150501,747;748;749;750,2.94,58-38.845 N,148-04.984 W,NULL,5/1/2015,9/13/2015,R
GofAK_CB_08,141-170430,823,2.86,58-40.170 N,148-01.500 W,874,4/30/2017,9/12/2017,R
GofAK_CB_09,141-170914,822,2.86,58-40.220 N,148-01.620 W,900,9/14/2017,10/29/2018,R
GofAK_CB_10,148-190425,822,2.87,58-40.177 N,148-01.568 W,972,4/25/2019,9/27/2019,R
GofAK_KO01,69-130609,652,2.02S,57-20.179 N,150-41.749 W,234,6/9/2013,9/8/2013,R
GofAK_KO02,66-130908,720,2.02S,57-20.137 N,150-41.989 W,230,9/8/2013,5/1/2014,R
GofAK_KO03,47-140501,719,2.02S,57-20.000 N,150-40.070 W,232,5/1/2014,9/11/2014,R
GofAK_KOA_01,126-190424,868,2.87,57-13.440 N,150-31.700 W,1000,4/24/2019,9/27/2019,R
GofAK_PT01,66-120907,671,2.02,56-14.607 N,142-45.439 W,989,9/8/2012,6/10/2013,R
GofAK_PT02,66-130610,648,2.02S,56-14.635 N,142-45.431 W,987,6/10/2013,9/2/2013,R
GofAK_PT03,43-130902,717,2.02S,56-14.575 N,142-45.409 W,988,9/2/2013,4/29/2014,R
GofAK_PT04,55-140429,723,2.02S,56-14.600 N,142-45.460 W,998,4/29/2014,9/10/2014,R
GofAK_QN01,47-130610,692,2.05A,56-20.341 N,145-11.183 W,930,6/10/2013,9/11/2013,R
GofAK_QN02,47-130911,667,2.02S,56-20.363 N,145-11.235 W,930,9/11/2013,4/30/2014,R
GofAK_QN03,39-140430,718,2.02S,56-20.471 N,145-11.182 W,924,4/30/2014,9/10/2014,R
GofAK_QN04,91-140910,709,2.02S,56-20.478 N,145-10.994 W,900,9/10/2014,5/2/2015,R
GofAK_QN05,82-150502,683,2.02S,56-20.441 N,145-11.110 W,945,5/2/2015,NULL,R
GofAK_QN_06,140-170429,858,2.86,56-20.390 N,145-11.110 W,964,4/29/2017,9/13/2017,R
GofCA01-PP,02-040310,*,NULL,23-49.830 N,109-37.870 W,659,3/10/2004,?,R
GofCA02-PP,03-041113,*,NULL,23-49.792 N,109-37.787 W,660,11/13/2004,?,R
GofCA03-PP,12-050516,104,1.1,23-49.824 N,109-37.808 W,659,5/16/2005,11/26/2005,R
GofCA04-4,18-051127,203,1.17B,23-55.580 N,109-40.780 W,840,11/27/2005,2/7/2006,R
GofCA04-5,17-051127,205,1.17*,23-55.410 N,109-39.970 W,846,11/27/2005,2/7/2006,R
GofCA04-6,16-051126,204,1.17*,23-54.650 N,109-40.190 W,805,11/26/2005,2/7/2006,R
GofCA04-7,15-051125,206,1.17*,23-54.860 N,109-41.030 W,783,11/25/2005,2/7/2006,R
GofCA05-PP,05-060207,209,1.17*,23-49.645 N,109-37.668 W,690,2/7/2006,12/8/2006,R
GofCA06-PP,16-061208,302,1.17,23-49.448 N,109-37.686 W,NULL,12/8/2006,6/17/2007,R
GofCA07-T,16-070620,302,1.17,28-36.440 N,112-30.309 W,400,6/20/2007,1/24/2008,R
GofCA08-T,16-080125,302,1.17,28-36.386 N,112-30.464 W,400,1/25/2008,8/6/2008,R
GofCA09-BLA,16-080807,473,1.17,29-01.619 N,113-22.557 W,690,8/7/2008,4/25/2009,R
GofCA10-CB,16-090426,406,1.17,29-01.638 N,113-22.539 W,NULL,4/26/2009,12/3/2009,R
GofCA11-CB,16-091206,589,1.17,29-01.652 N,113-22.527 W,600,12/6/2009,7/9/2010,R
GofMX_DC02,49-101018,602,2.02Q,29-03.134 N,86-05.773 W,268,10/13/2010,3/21/2011,R
GofMX_DC03,46-110321,602,2.02S,29-03.210 N,86-05.800 W,260,3/21/2011,10/23/2011,R
GofMX_DC04,68-111023,577,2.02S,29-02.886 N,86-05.899 W,260,10/23/2011,3/1/2012,R
GofMX_DC05,31-120301,585,2.02S,29-02.882 N,86-05.839 W,260,3/1/2012,12/9/2012,R
GofMX_DC06,72-121209,585,2.02S,29-02.902 N,86-05.873 W,260,12/9/2012,NULL,R
GofMX_DC07,19-131217,726,2.02S,29-02.890 N,86-05.839 W,300,12/17/2013,10/2/2014,R
GofMX_DC08,45-141002,694,2.02S,29-02.888 N,86-05.844 W,270,10/2/2014,8/3/2015,R
GofMX_DT01,16-100729,589,2.02R,25-31.911 N,84-38.251 W,1320,7/29/2010,3/3/2011,R
GofMX_DT02,16-110303,589,2.02S,25-31.911 N,84-38.251 W,1320,3/3/2011,7/12/2011,R
GofMX_DT03,16-110712,589,2.02S,25-31.859 N,84-38.262 W,1300,7/12/2011,12/13/2011,R
GofMX_DT04,72-111214,638,2.02S,25-31.867 N,84-38.265 W,1300,12/13/2011,5/27/2012,R
GofMX_DT05,72-120528,638,2.02S,25-31.938 N,84-38.041 W,1200,5/27/2012,12/7/2012,R
GofMX_DT06,19-121207,638,2.02S,25-31.941 N,84-38.046 W,1200,12/7/2012,11/1/2013,R
GofMX_DT07,76-131101,638,2.02S,25-32.219 N,84-38.150 W,1158,11/1/2013,9/28/2014,R
GofMX_DT08,71-140928,638,2.02S,25-32.320 N,84-37.873 W,1189,9/28/2014,8/2/2015,R
GofMX_GC01,50-100703,601,2.02Q,27-33.470 N,91-10.010 W,1115,7/3/2010,11/7/2010,R
GofMX_GC02,54-101107,601,2.02R,27-33.466 N,91-10.014 W,1160,11/8/2010,3/22/2011,R
GofMX_GC03,49-110322,601,2.02S,27-33.424 N,91-10.073 W,1100,3/22/2011,9/23/2011,R
GofMX_GC04,49-110923,601,2.02S,27-33.426 N,91-10.060 W,1100,9/23/2011,2/27/2012,R
GofMX_GC05,57-120227,656,2.02S,27-33.440 N,91-10.562 W,1100,2/27/2012,12/12/2012,R
GofMX_GC06,25-121213,694,2.02S,27-33.347 N,91-10.092 W,1100,12/13/2012,NULL,R
GofMX_GC07,45-140110,694,2.02S,27-33.347 N,91-10.092 W,1100,1/13/2014,9/30/2014,R
GofMX_GC08,69-141001,719,2.02U,27-33.366 N,91-10.073 W,1100,10/1/2014,8/7/2015,R
GofMX_HH01,19-120526,560,2.02S,25-01.702 N,84-23.769 W,1050,5/26/2012,12/6/2012,R
GofMX_HH02,76-121207,683,2.02S,25-01.688 N,84-23.745 W,1000,12/7/2012,10/30/2013,R
GofMX_HH03,27-131030,560,2.02U,25-01.707 N,84-23.708 W,1006,10/30/2013,9/27/2014,R
GofMX_HH04,77-140928,560,2.02S,25-01.149 N,84-23.401 W,1067,9/28/2014,8/1/2015,R
GofMX_MC01,31-100510,585,2.02Q,28-50.746 N,88-27.927 W,980,5/9/2010,9/5/2010,R
GofMX_MC02,31-100906,585,2.02Q,28-50.771 N,88-27.907 W,980,9/6/2010,12/19/2010,R
GofMX_MC03,31-101219,585,2.02Q,28-50.775 N,88-27.909 W,980,12/19/2010,3/21/2011,R
GofMX_MC04,31-110321,585,2.02S,28-50.775 N,88-27.946 W,980,3/21/2011,9/20/2011,R
GofMX_MC05,31-110922,585,2.02S,28-50.797 N,88-27.991 W,980,9/22/2011,2/28/2012,R
GofMX_MC06,25-120228,651,2.02S,28-50.853 N,88-28.041 W,980,2/28/2012,12/10/2012,R
GofMX_MC07,49-121211,693,2.02S,28-50.781 N,88-28.059 W,900,12/11/2012,1/8/2014,R
GofMX_MC08,72-140108,727,2.02S,28-58.820 N,88-28.086 W,900,1/8/2014,5/7/2014,R
GofMX_MC09,93-140422,729,2.02S,28-58.850 N,88-28.101 W,800,5/22/2014,9/29/2014,R
GofMX_MC10,92-140929,718,2.02S,28-58.732 N,88-28.082 W,800,9/29/2014,8/4/2015,R
GofMX_MP01,43-100702,578,2.02Q,29-15.204 N,88-17.753 W,86,7/2/2010,10/10/2010,R
GofMX_MP02,43-101106,565,2.02Q,29-15.318 N,88-17.808 W,93,11/6/2010,4/18/2011,R
GofMX_MP03,39-110321,596,2.02S,29-15.318 N,88-17.808 W,93,3/21/2011,9/20/2011,R
GofMX_MP04,39-110922,596,2.02S,29-15.354 N,88-17.702 W,93,9/22/2011,2/28/2012,R
GofMX_MP05,49-120229,652,2.02S,29-15.368 N,88-17.597 W,90,2/29/2012,12/10/2012,R
GofMX_MP06,31-121210,683,2.02S,29-15.379 N,88-17.514 W,90,12/10/2012,NULL,R
GofMX_MP07,49-140110,683,2.02S,29-15.160 N,88-17.536 W,90,1/12/2014,10/2/2014,R
GofMX_MP08,93-141002,729,2.02S,29-15.177 N,88-17.590 W,100,10/2/2014,8/4/2015,R
GOM_CC_01,37-190907,886,2.02AA2,27-06.583 N,96-19.467 W,251,9/7/2019,NULL,D
GOM_DC_09,77-150803,638,2.02S,29-02.878 N,86-05.847 W,276,8/3/2015,8/22/2016,R
GOM_DC_10,135-160825,822,2.85,29-02.865 N,86-05.875 W,265,8/25/2016,7/16/2017,R
GOM_DC_11,137-170716,869,2.86,29-02.865 N,86-05.899 W,269,7/16/2017,NULL,R
GOM_DT_09,06-150802,715,2.74,25-32.316 N,84-37.878 W,1240,8/2/2015,6/21/2016,R
GOM_DT_10,115-160621,807,2.85,25-32.360 N,84-37.743 W,1210,6/21/2016,7/7/2017,R
GOM_DT_11,136-170707,868,2.86,25-32.355 N,84-37.733 W,1190,7/7/2017,10/18/2018,R
GOM_EF_01,27-160721,828,2.02W2,27-43.985 N,92-57.080 W,NULL,7/21/2016,5/15/2017,R
GOM_EI_01,89-160720,761,2.02W2,27-53.072 N,92-24.562 W,NULL,7/20/2016,5/15/2017,R
GOM_EP_01,37-160719,827,2.02W2,29-16.865 N,87-51.499 W,219,7/19/2016,5/15/2017,R
GOM_GC_09,92-150807,718,2.02S,27-33.364 N,91-10.096 W,1133,8/7/2015,7/20/2016,R
GOM_GC_10,137-160720,809,2.85,27-33.367 N,91-10.083 W,1129,7/20/2016,5/16/2017,R
GOM_GC_11,152-170516,717,2.86,27-33.413 N,91-10.339 W,1100,5/16/2017,NULL,R
GOM_GI_01,86-160719,758,2.02W2,28-37.752 N,90-02.429 W,NULL,7/19/2016,8/13/2017,R
GOM_GU_01_01_C4,46-150915,785,NULL,28-20.804 N,85-19.107 W,200,9/15/2015,NULL,R
GOM_GU_01_02,39-150915,720,NULL,28-20.544 N,85-19.258 W,200,9/15/2015,NULL,R
GOM_GU_01_03,19-150915,729,NULL,28-20.558 N,85-18.939 W,200,9/15/2015,NULL,R
GOM_HH_05,76-150801,726,2.02U,25-01.152 N,84-23.410 W,1100,8/1/2015,6/21/2016,R
GOM_MC_11,93-150806,618,2.02U,28-58.724 N,88-28.079 W,770,8/6/2015,7/19/2016,R
GOM_MC_12,136-160720,821,2.85,28-58.727 N,88-28.084 W,775,7/20/2016,5/17/2017,R
GOM_MC_13,104-170517,728,2.86,28-50.832 N,88-27.973 W,990,5/17/2017,NULL,R
GOM_MP_09,69-150808,719,2.02U,29-15.115 N,88-17.506 W,90,8/8/2015,7/19/2016,R
GOM_MP_10,138-160719,806,2.85,29-15.100 N,88-17.510 W,73,7/19/2016,5/17/2017,R
GOM_MP_11,139-170517,731,2.86,29-15.145 N,88-17.356 W,120,5/17/2017,NULL,R
GOM_WF_01,71-160721,760,2.02W2,27-39.243 N,93-23.645 W,NULL,7/21/2016,5/15/2017,R
GOM_WF_02,115-190908,820,2.87,27-42.117 N,93-23.617 W,180,9/8/2019,NULL,D
HAT01-A,42-120315,561,2.02S,35-20.432 N,74-51.457 W,950,3/15/2012,10/9/2012,R
HAT02-A,08-121009,673,NULL,35-20.436 N,74-51.354 W,970,10/9/2012,5/29/2013,R
HAT03-A,34-130529,667,NULL,35-20.667 N,74-51.126 W,970,5/29/2013,5/8/2014,R
HAT04-A,67-140508,685,2.02S,35-20.806 N,74-50.883 W,840,5/8/2014,4/6/2015,R
HAT_A_05,52-150406,700,2.02S,35-20.531 N,74-51.436 W,980,4/6/2015,4/29/2016,R
HAT_A_06,116-160429,816,2.84,35-18.110 N,74-52.737 W,1021,4/29/2016,5/9/2017,R
HAT_B_01_01,149-170509,860,2.86,35-35.048 N,74-44.991 W,1100,5/9/2017,10/17/2017,R
HAT_B_01_02_C4,151-170509,853;854;861;862,2.96,35-34.747 N,74-45.419 W,1090,5/9/2017,NULL,R
HAT_B_01_03_C4,153-170509,832;845;848;849,2.96,35-35.166 N,74-45.432 W,1075,5/9/2017,NULL,R
HAT_B_02_03_C4,153-170628,832;845;848;849,2.96,35-35.168 N,74-45.346 W,1120,6/28/2017,10/25/2017,R
HAT_B_03_01,149-171025,860,2.87,35-35.011 N,74-44.584 W,NULL,10/25/2017,5/31/2018,R
HAT_B_03_02,115-171025,810,2.87,35-39.649 N,74-45.305 W,1050,10/25/2017,6/1/2018,R
HAT_B_03_03,129-171025,811,2.87,35-35.243 N,74-45.379 W,1100,10/25/2017,6/1/2018,R
HAT_B_04_01,126-180601,807,2.87,35-35.386 N,74-44.856 W,1350,6/1/2018,12/14/2018,R
HAT_B_04_03_C4,135-180601,905;906;911;913,2.97,35-35.431 N,74-45.766 W,1078,6/1/2018,12/14/2018,R
HAT_B_05,141-181214,815,2.87,35-35.358 N,74-45.270 W,1175,12/13/2018,5/17/2019,R
HAT_B_06_01,141-190517,815,2.87,35-35.065 N,74-44.873 W,1220,5/17/2019,10/24/2019,R
HAT_B_06_02_C4,153-190517,914;913;916;917,2.97,35-34.830 N,74-44.730 W,1190,5/17/2019,10/24/2019,R
HAT_B_06_03_C4,135-190517,915;906;911;905,2.97,35-35.085 N,74-44.490 W,1280,5/17/2019,10/24/2019,R
Hawaii01-K,25-070810,406,NULL,19-34.890 N,156-00.912 W,630,8/10/2007,10/19/2007,R
Hawaii02-K,15-080418,425,1.17*,19-34.835 N,156-00.907 W,650,4/18/2008,7/4/2008,R
Hawaii03-K,15-080707,425,1.17*,19-34.894 N,156-00.890 W,650,7/7/2008,12/10/2008,R
Hawaii05-K,15-090209,453,1.17*,19-34.657 N,156-00.825 W,460,2/9/2009,4/1/2009,R
Hawaii06-K,15-090421,453,1.17*,19-34.957 N,156-00.947 W,620,4/22/2009,10/22/2009,R
Hawaii07-K,15-091022,453,1.17,19-34.918 N,156-00.914 W,620,10/23/2009,12/15/2009,R
Hawaii08-K,15-091217,453,NULL,19-34.888 N,156-00.928 W,620,12/17/2009,4/15/2010,R
Hawaii09-K,15-100416,NULL,NULL,19-34.889 N,156-00.930 W,620,4/20/2010,9/29/2010,R
Hawaii10-K,26-100929,595,NULL,19-34.939 N,156-00.910 W,652,9/29/2010,5/6/2011,R
Hawaii11-K,26-110511,595,NULL,19-34.945 N,156-00.913 W,650,5/10/2010,10/28/2011,R
Hawaii13-K,30-120525,595,2.02S,19-34.965 N,156-00.929 W,610,5/24/2012,11/15/2012,R
Hawaii14-K,15-121117,619,2.02R,19-34.976 N,156-00.941 W,680,11/15/2012,5/22/2013,R
Hawaii15-K,15-130522,595,2.02S,19-34.976 N,156-00.941 W,680,5/22/2013,10/18/2013,R
Hawaii16-K,15-131020,716,2.02S,19-34.976 N,156-00.941 W,680,10/20/2013,4/21/2014,R
Hawaii17-K,10-140323,716,2.02S,19-34.985 N,153-00.939 W,716,3/23/2014,7/23/2014,R
Hawaii18-K,10-140726,692,2.05A,19-34.985 N,156-00.939 W,700,7/26/2014,12/1/2014,R
Hawaii19-K,10-141204,692,NULL,19-34.994 N,156-00.983 W,648,12/4/2014,4/22/2015,R
Hawaii20-K,10-150424,692,2.05A,19-34.994 N,156-00.983 W,650,4/24/2015,NULL,R
Hawaii_K_22,44-151104,730,NULL,19-34.967 N,156-00.969 W,699,11/4/2015,NULL,R
Hawaii_K_23_01,122-160703,716,2.84,19-34.984 N,156-00.938 W,665,7/3/2016,9/13/2016,R
Hawaii_K_23_02,134-160703,692,2.6,19-34.984 N,156-00.938 W,665,7/3/2016,9/13/2016,R
Hawaii_K_25,134-170430,692,2.6,19-34.983 N,156-00.951 W,676,5/1/2017,7/10/2017,R
Hawaii_K_26,122-170710,716,2.84,19-34.983 N,156-00.951 W,676,7/11/2017,10/24/2017,R
Hawaii_K_27,150-171024,691,NULL,19-34.979 N,156-00.953 W,730,10/24/2017,4/24/2018,R
HOKE01-A,17-080913,454,1.17*,32-06.370 N,126-54.580 W,770,9/13/2008,6/6/2009,R
Howland_A_01,103-170307,675,2.86,00.82568 N,176-64.488 W,780,4/11/2017,NULL,R
JAX01-A,35-090330,471,2.00S,30-16.626 N,80-12.948 W,82,3/30/2009,9/16/2009,R
JAX01-B,34-090330,478,2.00S,30-15.492 N,80-25.692 W,37,3/30/2009,9/16/2009,R
JAX02-A,34-091609,478,2.00S,30-16.831 N,80-12.962 W,83,9/16/2009,2/21/2010,R
JAX03-A,35-100221,471,2.01A,30-16-520 N,80-12.551 W,89,2/21/2010,8/26/2010,R
JAX04-B,34-100309,577,2.01A,30-15-550 N,80-25.540 W,38,3/9/2010,8/26/2010,R
JAX05-A,34-100826,577,2.01A,30-16.092 N,80-12.537 W,91,8/26/2010,2/1/2011,R
JAX05-B,35-100826,471,2.01A,30-15.425 N,80-25.962 W,37,8/26/2010,2/1/2011,R
JAX06-A,35-110201,584,2.01A,30-16.691 N,80-13.251 W,91,2/1/2011,7/14/2011,R
JAX06-B,34-110202,577,NULL,30-15.461 N,80-25.669 W,37,2/2/2011,7/14/2011,R
JAX08-A,35-120124,639,2.02S,30-17.101 N,80-13.285 W,91,1/24/2012,NULL,L
JAX09-C,83-130509,676,2.02S,30-19.972 N,80-12.043 W,94,5/12/2013,2/17/2014,R
JAX10-C,69-140217,673,2.02U,30-19.586 N,80-12.296 W,88,2/17/2014,8/23/2014,R
JAX11-D,43-140823,681,2.02S,30-09.036 N,79-46.203 W,800,8/23/2014,6/2/2015,R
JAX_D_12,27-150702,714,2.02U,30-08.936 N,79-46.263 W,750,7/2/2015,4/26/2016,R
JAX_D_13,128-160426,808,2.84,30-09.110 N,79-46.213 W,736,4/26/2016,6/25/2017,R
JAX_D_14,116-170625,841,2.86,30-09.161 N,79-46.193 W,740,6/25/2017,6/26/2018,R
JAX_D_15,123-180626,823,2.87,30-09.135 N,79-46.236 W,740,6/26/2018,6/15/2019,R
Kauai01-A,41-091002,564,2.01A,21-57.164 N,159-53.238 W,706,10/7/2009,6/3/2010,R
Kauai02-A,26-100603,593,NULL,21-57.224 N,159-53.383 W,720,6/3/2010,8/20/2010,R
Kauai_A_05,127-070716,736,2.84,21-56.952 N,159-53.273 W,717,7/7/2016,9/12/2017,R
King01-A,44-111103,593,NULL,06-21.908 N,162-17.539 W,859,11/3/2011,5/9/2012,R
LJ02-P,31-090617,493,2.01A,32-53.429 N,117-23.825 W,550,6/17/2009,6/19/2009,R
LJ03-P,17-090619,560,1.17*,32-53.630 N,117-22.716 W,550,6/19/2009,7/2/2009,R
LJ07-P,19-100226,588,NULL,32-53.576 N,117-22.756 W,470,2/26/2010,4/9/2010,R
LJ08-T,39-102709,587,2.02R_SSD,32-52.350 N,117-16.340 W,64,7/27/2010,8/5/2010,R
LJ09-P,33-101015,587,2.02R,32-53.550 N,117-22.859 W,478,10/15/2010,11/15/2010,R
LJ11-P_59,59-110425,NULL,2.02C,32-53.550 N,117-22.859 W,480,4/26/2011,5/25/2011,R
LJ11-P_60,60-110425,NULL,2.02C,32-53.550 N,117-22.859 W,480,4/26/2011,5/25/2011,R
LJ15-P,17-110728,645,2.05A,32-53.918 N,117-22.594 W,480,7/28/2011,NULL,R
LJ17_P-A,70-120921,680,NULL,32-53.734 N,117-22.457 W,480,9/21/2012,10/12/2012,R
LJ17_P-B,70-120921,680,2.02,32-53.750 N,117-22.449 W,480,9/21/2012,10/10/2012,R
LJ19-P,16-121213,676,2.02S,32-53.762 N,117-22.458 W,600,2/12/2013,3/13/2013,R
LJ21-P1,80-130527,711,2.02S,32-53.493 N,117-24.016 W,521,5/27/2013,9/5/2013,R
LJ21-P2,52-130526,712,2.02S,32-52.997 N,117-23.666 W,500,5/26/2013,6/27/2013,R
LJ21-P3,13-130526,714,2.02S,32-53.025 N,117-24.327 W,520,5/26/2013,6/25/2013,R
LJ21_WG,40-130527,706,NULL,NULL,NULL,NULL,5/27/2013,6/4/2013,R
LJ23-P,71-140124,711,2.02S,32-53.514 N,117-24.043 W,422,1/24/2014,3/4/2014,R
LJ26-P,71-030614,711,2.02S,32-53.416 N,117-24.056 W,NULL,3/6/2014,6/27/2014,R
LJ27-P,83-140627,676,2.02S,32-53.375 N,117-24.070 W,NULL,6/27/2014,10/1/2014,R
LJ27-P_A,NULL,NULL,NULL,NULL,NULL,NULL,NULL,NULL,NULL
LJ27-P_B,NULL,NULL,NULL,NULL,NULL,NULL,NULL,NULL,NULL
LJ28-P,32-141001,677,2.02S,32-53.423 N,117-24.012 W,530,10/1/2014,1/9/2015,R
LJ29-P,37-150109,676,2.02S,32-53.412 N,117-24.019 W,NULL,1/9/2015,NULL,R
LJ30-P_C4,107-150418,?;764;765;766,2.94,32-53.375 N,117-24.013 W,530,4/20/2015,4/22/2015,R
LJ31-P,37-150602,780,2.02S,32-53.404 N,117-24.032 W,NULL,6/2/2015,9/25/2015,R
LJ32-P,43-150925,599,2.02S,32-53.418 N,117-24.039 W,NULL,9/25/2015,10/19/2015,R
LJ32-P_T,101-150925,800,2.74,32-53.418 N,117-24.039 W,NULL,9/25/2015,10/19/2015,R
LJ33-P,101-151020,599,2.74,32-53.401 N,117-24.006 W,NULL,10/20/2015,11/20/2015,R
LJ_DM_01_A,107-160907,823,2.85,32-59.628 N,117-25.034 W,100,9/7/2016,9/23/2016,R
LJ_DM_01_B_C4,136-160907,781;782;784;805,2.95,32-59.628 N,117-25.034 W,200,9/7/2016,9/23/2016,R
LJ_DM_01_D,103-160907,818,2.85,32-59.628 N,117-25.034 W,570,9/7/2016,9/23/2016,R
LJ_LCN_01_DL151_C4,151-170317,845;850;861;862,2.96,32-48.358 N,117-31.369 W,900,3/17/2017,NULL,R
LJ_LCN_01_DL153_C4,153-170317,851;852;853;854,2.96,32-48.358 N,117-31.369 W,900,3/17/2017,NULL,R
LJ_LCN_02_B_C4,152-170325,823;855;860;858,2.96,32-48.330 N,117-31.592 W,900,3/24/2017,NULL,R
LJ_LCN_02_DL151_C4,151-170325,861;862;845;854,2.96,32-48.388 N,117-31.810 W,900,3/24/2017,NULL,R
LJ_LCN_02_DL153_C4,153-170325,832;853;848;849,2.96,32-48.388 N,117-31.810 W,900,3/24/2017,NULL,R
LJ_LCN_03_00_C4,150-170524,865;868;869;864,2.96,32-48.366 N,117-31.565 W,900,5/24/2017,6/2/2017,R
LJ_LCN_04,130-170818,870,2.87,32-48.382 N,117-31.607 W,900,8/18/2017,9/1/2017,R
LJ_LCN_04_DL115,115-170818,822,2.87,32-48.382 N,117-31.607 W,900,8/18/2017,9/1/2017,R
LJ_Pier_01,84-170130,NULL,2.3,NULL,NULL,67,1/30/2017,NULL,R
LJ_P_34_01,115-151120,720,2.74,32-52.038 N,117-23.482 W,468,11/20/2015,4/8/2016,R
LJ_P_34_02_C4,106-151120,764;781;782;784,2.94,32-51.472 N,117-24.605 W,522,11/20/2015,3/15/2016,R
LJ_P_34_03_C4,107-151120,745;747;748;749,2.94,32-52.553 N,117-24.608 W,526,11/20/2015,3/15/2016,R
LJ_P_35,126-160408,809,2.84,32-52.097 N,117-23.478 W,470,4/8/2016,8/10/2016,R
LJ_P_36,126-160810,809,2.85,32-52.100 N,117-22.470 W,380,8/12/2016,10/26/2016,R
LJ_P_38,111-161208,840,2.86,32-52.569 N,117-23.718 W,503,12/8/2016,2/13/2017,R
LJ_P_39_01,129-170214,841,2.86,32-53.053 N,117-23.594 W,504,2/14/2017,5/24/2017,R
LJ_P_39_02_C4,137-170213,846;847;848;849,2.95,32-52.552 N,117-23.640 W,500,2/13/2017,2/23/2017,R
LJ_P_40,129-170530,806,2.86,32-53.053 N,117-23.954 W,517,5/30/2017,9/29/2017,R
LJ_P_41,154-170927,870,2.87,32-53.051 N,117-23.897 W,600,9/27/2017,1/22/2018,R
LJ_P_42,107-180122,803,2.87,32-52.975 N,117-23.851 W,NULL,1/22/2018,6/15/2018,R
LJ_P_42_N_C4,111-180305,900;905;906;907,2.97,32-53.2492 N,117-23.1710 W,500,3/5/2018,3/8/2018,R
LJ_P_42_S_C4,140-180305,904;908;909;910,2.97,32-52.7744 N,117-23.9178 W,505,3/5/2018,3/8/2018,R
LJ_P_43,124-180615,814,2.87,32-52.9649 N,117-23.8615 W,510,6/15/2018,8/17/2018,R
LJ_P_44,125-180817,858,2.87,32052.9171 N,117-23.9115 W,500,8/17/2018,11/8/2018,R
LJ_SBE_01_DP,95-170530,875,2.02,32-51.850 N,117-28.957 W,265,5/30/2017,NULL,R
LJ_SBE_01_SH,87-170530,NULL,2.27,32-51.850 N,117-28.957 W,65,5/30/2017,NULL,R
LJ_SBE_02_DP,95-170601,875,2.02,32-51.828 N,117-27.740 W,265,6/1/2017,NULL,R
LJ_SBE_02_SH,87-170601,NULL,2.27,32-51.828 N,117-27.740 W,65,6/1/2017,NULL,R
LJ_SBE_03_DP,95-170602,875,2.02,32-51.363 N,117-32.592 W,265,6/2/2017,6/3/2017,R
LJ_SBE_03_SH,87-170602,NULL,2.27,32-51.363 N,117-32.592 W,65,6/2/2017,6/3/2017,R
LSM01-d,NULL,NULL,NULL,NULL,NULL,NULL,NULL,NULL,NULL
LSM01-s,02-070405,306,1.17B,28-36.801 N,176-42.098 W,123,4/5/2007,8/29/2007,R
LSM02-s,15-070830,350,1.17,28-35.987 N,176-42.012 W,111,8/29/2007,NULL,R
MB01_01,NULL,NULL,NULL,36-47.053 N,121-58.034 W,119,NULL,NULL,R
MBARI01-M1,NULL,0,NULL,36-45.560 N,122-01.350 W,900,8/1/2015,1/31/2016,R
NFC01-A,66-140619,667,2.02S,37-09.974 N,74-28.015 W,982,6/19/2014,4/7/2015,R
NFC_A_02,110-160730,814,2.84,37-09.991 N,74-27.996 W,968,4/30/2016,6/29/2017,R
NFC_A_03,120-170629,877,2.86,37-10.044 N,74-27.980 W,950,6/29/2017,6/2/2018,R
NFC_A_04,147-180602,808,2.87,37-09.871 N,74-27.951 W,1050,6/2/2018,5/18/2019,R
OCNMS01-CE,NULL,*,NULL,47-21.800 N,124-45.391 W,150,7/8/2004,10/6/2004,R
OCNMS02-QC,NULL,*,NULL,47-27.634 N,125-07.879 W,915,10/7/2004,7/26/2005,R
OCNMS03-QC,09-050727,*,1.17,47-28.054 N,125-09.170 W,823,7/27/2005,8/17/2006,R
OCNMS04-CE,09-060718,111,1.17,47-21.701 N,124-42.079 W,150,8/18/2006,4/20/2007,R
OCNMS04-QC,08-060817,110,1.17,47-28.134 N,125-09.799 W,615,8/17/2006,4/20/2007,R
OCNMS05-CE,08-070420,110,1.17,47-21.620 N,124-42.088 W,100,4/20/2007,7/3/2007,R
OCNMS05-QC,09-070421,111,1.17,47-27.970 N,125-09.208 W,620,4/21/2007,7/3/2007,R
OCNMS06-QC,01-070703,309,1.17*,47-27.960 N,125-09.195 W,653,7/3/2007,6/14/2008,R
OCNMS07-CE,09-071013,411,1.17,47-21.494 N,124-40.999 W,150,10/13/2007,6/15/2008,R
OCNMS08-CE,09-080616,411,1.17,47-21.485 N,124-41.001 W,100,6/16/2008,8/20/2009,R
OCNMS12-QC,57-110126,587,NULL,47-30.003 N,125-21.203 W,650,1/27/2011,12/6/2011,R
OCNMS13-CE,46-110520,614,2.02S,47-21.117 N,124-43.256 W,118,5/20/2011,TBD,R
OCNMS14-CE,67-111206,587,2.02S,47-21.141 N,124-43.275 W,150,12/6/2011,9/13/2012,R
OCNMS14-QC,70-111207,614,2.02S,47-30.026 N,125-21.212 W,1394,12/7/2011,9/12/2012,R
OCNMS15-QC,39-120913,678,2.02S,47-30.032 N,125-21.215 W,1394,9/13/2012,7/16/2013,R
OCNMS16-CE,13-130717,714,2.02S,47-21.174 N,124-42.474 W,120,7/17/2013,5/17/2014,R
OCNMS16-QC,82-130716,712,2.02S,47-30.038 N,125-21.264 W,1384,7/16/2013,5/17/2014,R
OTSG01-CCE1,05-081111,426,2.00Q,33-28.600 N,122-32.000 W,3979,11/11/2008,2/26/2009,R
OTSG02-CORC1,27-091219,567,2.01A,32-08.700 N,120-30.110 W,3845,12/19/2009,8/30/2012,L
OTSG03-CCE1,32-091215,565,2.01A,32-25.760 N,122-29.130 W,4000,12/15/2009,9/7/2010,R
OTSG03-CORC2,77-120828,675,2.02S,32-25.760 N,122-29.130 W,NULL,8/28/2012,NULL,R
OTSG04-CCE1,39-100902,612,2.02R,33-27.360 N,122-29.730 W,1000,9/2/2010,3/9/2011,R
OTSG_CORC4_02,80-140501,724,2.02S,31.44.82 N,121-22.68 W,948,NULL,10/18/2016,R
Pagan_A_01,24-150522,695,NULL,17-57.785 N,145-28.867 E,NULL,5/22/2015,7/26/2017,R
PAL02-WT,10-061019,320,1.17,05-51.846 N,162-09.907 W,620,10/19/2006,7/17/2007,R
PAL03-WT,10-070408,320,1.17,05-51.882 N,162-09.362 W,550,4/8/2007,9/20/2007,R
PAL04-WT,10-070921,320,1.17,05-51.927 N,162-09.402 W,550,9/21/2007,5/23/2008,R
PAL05-WT,10-080526,320,1.17,05-51.906 N,162-09.491 W,520,5/26/2008,10/17/2008,R
PAL06-WT,10-081021,451,1.17*,05-51.777 N,162-09.385 W,599,10/21/2008,5/23/2009,R
PAL07-NS,10-090530,451,1.17,05-54.252 N,162-02.219 W,1085,6/1/2009,9/26/2009,R
PAL08-NS,10-091003,451,NULL,05-53.719 N,162-01.229 W,718,10/3/2009,6/3/2010,R
PAL09-NS,10-100607,598,NULL,05-53.690 N,162-02.224 W,700,6/11/2010,8/24/2010,R
PAL10-NS,10-100825,598,NULL,05-53.705 N,162-02.240 W,700,8/25/2010,TBD,R
PHR01-A,36-091002,487,2.01A,27-43.517 N,175-38.287 W,753,10/2/2009,5/24/2010,R
PHR02-A,24-100510,595,NULL,27-43.620 N,175-37.946 W,752,5/24/2010,8/13/2010,R
PHR04-A,44-110411,593,NULL,27-43.519 N,175-38.257 W,550,4/11/2011,NULL,R
PHR05-A,15-110813,NULL,2.02R,27-43.521 N,175-38.250 W,NULL,8/13/2011,7/24/2012,R
PHR06-A,44-120724,593,2.02S,27-43.509 N,175-38.309 W,780,7/24/2012,5/29/2013,R
PHR07-A,57-130513,668,2.02S,27-44.462 N,175-33.588 W,985,5/3/2013,NULL,R
PHR08-A,NULL,NULL,NULL,NULL,NULL,NULL,8/26/2014,NULL,R
PHR_A_09,54-160814,675,NULL,NULL,NULL,NULL,10/15/2015,NULL,R
PHR_A_10,44-160814,678,2.02S,27-44.459 N,175-33.627 W,915,8/14/2016,11/8/2017,R
PS01-PS1,12-061003,305,1.17,36-17.946 N,122-23.628 W,1392,10/3/2006,NULL,R
PS02-PS1,20-070122,307,NULL,36-17.924 N,122-23.583 W,1390,1/24/2007,7/17/2007,R
PS03-PS1,12-070717,305,1.17*,36-17.921 N,122-23.598 W,1386,1/17/2007,1/24/2008,R
PS04-PS1,20-080124,400,1.17*,36-18.876 N,122-23.465 W,1386,1/24/2008,8/2/2008,R
PS05-PS1,12-080801,305,1.17*,36-23.427 N,122-18.351 W,833,8/1/2008,1/29/2009,R
PS06-PS1,20-090129,484,1.17*,36-17.921 N,122-23.598 W,1386,1/29/2009,4/30/2009,R
PS07-PS1,12-090430,NULL,NULL,36-23.336 N,122-18.409 W,847,4/30/2009,9/22/2009,R
PS08-PS1,20-090922,484,NULL,36-23.367 N,122-18.457 W,843,9/22/2009,NULL,R
PS09-PS1,12-100225,486,2.01A,36-23.479 N,122-18.450 W,837,2/25/2010,NULL,R
PS11-PS1,12-110620,627,NULL,36-23.472 N,122-18.419 W,850,6/20/2011,NULL,R
PS12-PS1,20-111129,641,NULL,36-17.945 N,122-23.633 W,1412,11/29/2011,NULL,R
Saipan01-A,24-100310,594,NULL,15-18.998 N,145-27.542 E,689,3/10/2010,4/2/2011,R
Saipan02-A,24-110405,594,2.02S,15-19.026 N,145-27.463 E,696,4/30/2011,6/18/2012,R
Saipan03-A,24-120619,583,2.02S,15-19.067 N,145-27.421 E,NULL,8/19/2012,7/14/2013,R
Saipan04-A,24-130720,651,2.02S,15-19.275 N,145-27.260 E,600,7/13/2013,6/14/2014,R
Saipan05-A,24-140615,695,2.02S,15-19.275 N,145-27.260 E,600,6/15/2014,NULL,R
Saipan_A_06,30-150511,668,2.02S,15-19.046 N,145-27.433 E,NULL,5/11/2015,5/18/2016,R
Saipan_A_07,30-160527,691,NULL,15-19.003 N,145-27.260 E,NULL,5/27/2016,5/17/2017,R
Saipan_A_08,142-170526,863,2.86,15-19.021 N,145-27.443 E,329,5/26/2017,7/10/2018,R
SBGray01-A,43-100301,578,2.02Q,34-23.401 N,119-52.999 W,56,3/1/2010,4/7/2010,R
SBGray02-A,43-100407,578,2.02Q,34-23.389 N,119-52.961 W,55,4/7/2010,5/25/2010,R
SDT_BF_01,89-170728,887,2.02AA2,32-51.718 N,117-36.448 W,915,7/27/2017,11/13/2017,R
SDT_DP_01,71-170803,892,2.02AA2,32-51.494 N,117-27.172 W,610,8/3/2017,11/15/2017,R
SDT_GR_01,69-170731,890,2.02AA2,32-49.220 N,117-41.800 W,1082,7/31/2017,11/13/2017,R
SDT_HP_01,34-170731,885,2.02AA2,32-45.597 N,117-39.302 W,1044,7/31/2017,11/13/2017,R
SDT_PR_01,37-170803,888,2.02AA2,32-54.885 N,117-29.772 W,735,8/3/2017,11/15/2017,R
SDT_SL_01,92-170727,886,2.02AA2,32-47.916 N,117-34.489 W,943,7/27/2017,11/15/2017,R
SDT_SW_01,27-170731,884,2.02AA2,32-42.502 N,117-45.800 W,302,7/31/2017,11/13/2017,R
SDT_SZ_01,58-170803,893,2.02AA2,32-49.691 N,117-30.947 W,823,8/3/2017,11/15/2017,R
SDT_WQ_01,25-170731,889,NULL,32-46.301 N,117-47.905 W,295,7/31/2017,11/13/2017,R
SEAK_SS_01,109-190223,780,2.86,57-06.516 N,135-30.516 W,190,2/23/2019,4/30/2019,R
Socal01-A,07-050813,110,1.17,33-15.127 N,118-15.044 W,318,8/13/2005,10/4/2005,R
Socal01-B,13-050813,311,1.17,34-16.434 N,120-01.499 W,600,8/13/2005,?,R
Socal01-C,10-050814,H112,1.17,34-18.992 N,120-48.304 W,730,8/14/2005,?,R
Socal02-A,02-051004,H201,1.17B,33-15.101 N,118-15.148 W,339,10/4/2005,5/3/2006,R
Socal02-B,08-051005,H200,1.17,34-16.480 N,120-01.414 W,580,10/5/2005,5/14/2006,R
Socal02-C,07-051006,H202,1.17,34-18.950 N,120-48.053 W,828,10/6/2005,?,R
Socal03-D,60514,H308,NULL,33-48.992 N,121-50.590 W,360,5/15/2006,9/27/2006,R
Socal04-A,07-060710,H302,1.17,33-15.114 N,118-15.110 W,335,7/10/2006,9/1/2006,R
Socal05-A,14-060901,H306,1.17,33 15.140 N,118-15.130 W,335,9/1/2006,11/7/2006,R
Socal05-C,18-060901,H307,1.17B,34 18.950 N,120-48.053 W,800,9/1/2006,1/19/2007,R
Socal05-E,16-060901,H302,1.17,32-39.066 N,119-28.851 W,1330,9/2/2006,11/5/2006,R
Socal07-E,21-061026,H301,1.17B,32-38.993 N,119-29.009 W,1330,10/26/2007,5/9/2007,R
Socal08-A,02-061107,H309,1.17B,33-15.170 N,118-15.175 W,330,11/7/2006,1/20/2007,R
Socal09-B,14-061117,HT325,1.17*,34-16.469 N,120-01.372 W,582,11/17/2006,1/19/2007,R
Socal10-A,23-070120,H345,1.17B,33-15.098 N,118-14.992 W,323,1/20/2007,3/8/2007,R
Socal10-C,25-070119,HT325,1.17B,34-18.621 N,120-47.925 W,766,1/19/2007,3/26/2007,R
Socal10-G,22-070118,H351,1.17B,32-55.507 N,118-36.307 W,303,1/18/2007,1/18/2007,R
Socal11-B,24-070225,H309,1.17B,34-16.500 N,120-01.520 W,581,2/25/2007,4/21/2007,R
Socal12-A,11-070308,H352,1.17,33-15.147 N,118-14.991 W,200,3/8/2007,3/8/2007,R
Socal12-B,11-070403,H356,1.17,33-15.149 N,118-14.991 W,200,4/3/2007,5/9/2007,R
Socal13-C,25-070326,HT325,1.17B,34-18.598 N,120-47.890 W,768,3/26/2007,7/11/2007,R
Socal14-A,23-070509,H354,1.17B,33-14.861 N,118-15.835 W,577,5/9/2007,7/10/2007,R
Socal14-B,21-070509,H356,1.17B,34-16.506 N,120-01.505 W,600,5/9/2007,6/17/2008,R
Socal14-E,22-070509,H351,1.17B,32-39.415 N,119-28.405 W,1316,5/9/2007,10/23/2007,R
Socal14-G,18-070509,H325,1.17B,32-55.552 N,118-37.187 W,485,5/9/2007,7/22/2007,R
Socal15-A,24-070710,H400,1.17B,33-15.027 N,118-14.991 W,339,7/10/2007,10/21/2007,R
Socal16-B,23-070713,HT325,1.17B,34-16.519 N,120-01.443 W,500,7/13/2007,10/29/2007,R
Socal16-C,14-070712,H401,1.17*,34-18.477 N,120-47.796 W,770,7/12/2007,10/29/2007,R
Socal18-D,11-070725,H3__,1.17*,33-50.253 N,121-51.269 W,3630,7/25/2007,12/19/2008,R
Socal18-G,17-070723,H405,1.17*,32-55.605 N,118-37.254 W,480,7/23/2007,10/22/2007,R
SOCAL18-H,18-070723,407,1.17B,32-50.813 N,119-10.600 W,1013,7/23/2007,10/23/2007,R
Socal19-A,24-071022,H425,1.17B,33-15.039 N,118-14.963 W,318,10/22/2007,10/22/2007,R
Socal19-E,17-071023,H405,1.17,32-39.412 N,119-28.412 W,1288,10/23/2007,8/2/2008,R
Socal19-G,02-071022,H413,1.17B,32-55.602 N,118-37.248 W,471,10/22/2007,1/12/2008,R
Socal22-A,25-071213,429,1.17B,33-15.107 N,118-14.897 W,308,12/13/2007,2/8/2008,R
Socal23-G,14-080113,426,1.17B,32-55.619 N,118-38.135 W,458,1/13/2008,6/3/2008,R
SOCAL23-H,19-080112,428,1.17B,32-50.782 N,119-10.551 W,1015,1/12/2008,6/3/2008,R
Socal24-A2,02-080208,H414,1.17B,33-13.783 N,118-16.146 W,1100,2/8/2008,4/11/2008,R
Socal25-A2,24-080411,450,1.17B,33-13.812 N,118-16.442 W,1100,4/11/2008,6/3/2008,R
Socal26-A2,05-080603,H500,2.00Q,33-13.764 N,118-16.474 W,1139,6/3/2008,8/1/2008,R
Socal26-B,02-080606,451,1.17B,34-16.588 N,120-01.536 W,582,6/6/2008,7/23/2008,R
Socal26-G,24-080604,454,1.17B,32-55.639 N,118-37.105 W,435,6/4/2008,8/2/2008,R
SOCAL26-H,14-080604,426,1.17B,32-50.823 N,119-10.606 W,1012,6/4/2008,8/3/2008,R
Socal26-J,13-080605,453,1.17B,34-08.399 N,119-59.349 W,238,6/5/2008,7/23/2008,R
Socal27-A2,05-080802,451,2.00Q,33-13.758 N,118-16.439 W,1141,8/2/2008,9/16/2008,R
Socal27-E,24-080803,453,1.17B,32-39.448 N,119-28.288 W,1300,8/3/2008,10/19/2008,R
SOCAL27-H,19-080804,452,1.17B,32-50.841 N,119-10.489 W,1018,8/4/2008,10/18/2008,R
Socal28-A2,28-080916,476,2.00*,33-13.424 N,118-16.773 W,1150,9/16/2008,10/16/2008,R
Socal29-A2,30-081021,550,2.00*,33-13.282 N,118-16.495 W,1141,10/21/2008,12/18/2008,R
Socal29-E,19-081019,452,1.17B,32-39.440 N,119-28.252 W,1295,10/19/2008,12/21/2008,R
SOCAL29-H,24-081020,453,1.17B,32-50.823 N,119-10.624 W,1015,10/20/2008,12/17/2008,R
Socal30-H-Q2-DL27,27-081221,478,2.00Q,32-50.754 N,119-10.387 W,1010,12/21/2008,1/12/2009,R
Socal30-J,13-081219,483,1.17B,34-08.364 N,119-59.336 W,231,12/19/2008,3/12/2009,R
Socal31-A2,29-090114,480,2.00*,33-13.696 N,118-16.520 W,1139,1/14/2009,3/10/2009,R
Socal31-E,26-090113,477,2.00Q,32-39.427 N,119-28.430 W,1317,1/13/2009,3/13/2009,R
Socal31-G2,24-090112,481,1.17B,33-08.407 N,118-52.815 W,1130,1/12/2009,3/10/2009,R
SOCAL31-H,30-090112,482,2.00Q,32-50.587 N,119-10.170 W,1004,1/12/2009,3/13/2009,R
SOCAL31-M,19-090113,452,1.17B,33-30.582 N,119-15.282 W,895,1/13/2009,3/10/2009,R
SOCAL31-N,27-090113,478,2.00L,32-22.204 N,118-33.908 W,1369,1/13/2009,3/13/2009,R
Socal32-A2,05-090310,400,2.00S,33-13.679 N,118-16.554 W,1141,3/10/2009,5/16/2009,R
Socal32-B,25-090312,412,1.17B,34-16.528 N,120-01.129 W,577,3/12/2009,5/11/2009,R
Socal32-C,02-090311,413,1.17B,34-18.885 N,120-48.367 W,802,3/11/2009,5/17/2009,R
Socal32-E,19-090313,452,1.17B,32-39.409 N,119-28.419 W,1308,3/13/2009,5/19/2009,R
Socal32-G2,29-090310,480,2.00S,33-08.408 N,118-52.811 W,1126,3/10/2009,5/16/2009,R
SOCAL32-H,26-090313,477,2.00Q,32-50.587 N,119-10.170 W,935,3/13/2009,5/19/2009,R
Socal32-K2,13-090312,483,1.17B,34-00.039 N,120-32.540 W,569,3/12/2009,recovered from Japan,R
SOCAL32-M,24-090310,481,1.17B,33-30.579 N,119-15.280 W,1123,3/10/2009,5/16/2009,R
SOCAL32-N,30-090314,482,2.00S,32-22.205 N,118-33.905 W,1295,3/14/2009,5/19/2009,R
Socal32-SS,31-090312,492,2.00S,34-24.366 N,119-53.440 W,21,3/12/2009,4/2/2009,R
Socal33-A2,11-090516,494,1.17B,33-13.697 N,118-16.554 W,1139,5/16/2009,7/26/2009,R
Socal33-CCE1,27-090517,473,2.01X,33-28.400 N,122-31.400 W,3990,5/17/2009,12/13/2009,R
Socal33-E,24-090519,481,1.17B,32-39.379 N,119-28.389 W,1313,5/19/2009,7/24/2009,R
Socal33-G2,05-090516,400,2.00S,33-08.411 N,118-52.832 W,1126,5/16/2009,12/2/2013,R
SOCAL33-H,32-090519,488;489;490;491,2.10F,32-50.540 N,119-10.297 W,994,5/19/2009,7/22/2009,R
SOCAL33-M,29-090516,480,2.00S,33-30.580 N,119-15.253 W,1120,5/16/2009,7/26/2009,R
SOCAL33-N,19-090519,452,1.17B,32-22.197 N,118-33.893 W,1295,5/19/2009,7/22/2009,R
Socal33-SN,33-090518,495,2.01X,32-54.913 N,120-22.544 W,1086,5/18/2009,7/22/2010,R
Socal34-E,32-090724,492,2.01,32-39.539 N,119-28.632 W,1334,7/24/2009,9/25/2009,R
Socal34-G2,24-090725,481,1.17B,33-08.559 N,118-53.588 W,1106,7/25/2009,9/25/2009,R
SOCAL34-H,19-090723,560,1.17B,32-50.569 N,119-10.294 W,992,7/23/2009,9/25/2009,R
SOCAL34-M,31-090727,452,2.01,33-30.927 N,119-14.794 W,902,7/27/2009,9/25/2009,R
SOCAL34-N,17-090722,561,1.17B,32-22.186 N,118-33.885 W,1287,7/22/2009,9/25/2009,R
Socal34-TB,31-090721,560,2.01,32-39.851 N,119-15.032 W,126,7/21/2009,7/23/2009,R
Socal35-G2,31-090925,452,2.01A,33-08.566 N,118-53.597 W,1108,9/25/2009,12/5/2009,R
SOCAL35-H,24-090925,481,1.17B,32-50.564 N,119-10.279 W,995,9/25/2009,12/5/2009,R
Socal35-K3,44-090924,577,2.01A,33-54.825 N,119-33.883 W,974,9/24/2009,12/16/2009,R
SOCAL35-M,43-090925,578,2.01A,33-30.923 N,119-14.779 W,912,9/25/2009,12/4/2009,R
SOCAL35-N,19-090925,560,1.17B,32-22.191 N,118-33.887 W,1295,9/25/2009,12/6/2009,R
Socal35-P,38-090923,565,2.01A,32-53.598 N,117-22.714 W,479,9/23/2009,12/3/2009,R
Socal35-Q,39-090924,566,2.01A,33-49.222 N,118-37.775 W,682,9/24/2009,12/4/2009,R
Socal35-R,37-090924,567,2.01A,33-09.596 N,120-00.580 W,1208,9/24/2009,12/5/2009,R
Socal35-S,32-090926,492,2.01,32-29.095 N,118-16.407 W,1390,9/26/2009,12/6/2009,R
SOCAL36-H,37-091205,587,2.01A,32-50.550 N,119-10.266 W,997,12/5/2009,1/30/2010,R
SOCAL36-M,39-091204,566,2.01A,33-30.937 N,119-14.798 W,912,12/4/2009,1/29/2010,R
SOCAL36-N,31-091205,585,2.01A,32-22.186 N,118-33.769 W,1282,12/5/2009,1/30/2010,R
Socal36-P,29-091203,588,2.02Q,32-53.598 N,117-22.714 W,477,12/3/2009,1/12/2010,R
Socal36-Q,17-091204,584,2.01A,33-49.204 N,118-37.762 W,687,12/4/2009,1/29/2010,R
Socal36-R,43-091205,578,2.01A,33-09.628 N,120-00.615 W,1200,12/5/2009,1/30/2010,R
Socal36-S,19-091206,560,2.01A,32-29.078 N,118-16.366 W,1387,12/6/2009,1/30/2010,R
SOCAL37-H,39-100130,566,2.01A,32-50.554 N,119-10.272 W,992,1/30/2010,4/10/2010,R
SOCAL37-M,29-100129,473,2.01A,33-30.915 N,119-14.960 W,891,1/29/2010,4/9/2010,R
SOCAL37-N,37-100130,587,2.01A,32-22.184 N,118-33.768 W,1280,1/30/2010,4/11/2010,R
Socal37-P-DL19,19-100131,577,2.02Q,32-53.595 N,117-22.709 W,476,1/31/2010,2/8/2010,R
Socal37-P-DL43,43-100131,578,2.01A,32-53.595 N,117-22.709 W,476,1/31/2010,2/8/2010,R
Socal37-Q,45-100129,596,2.01A,33-49.207 N,118-37.75 W,671,1/29/2010,4/9/2010,R
Socal37-R,17-100130,584,2.01A,33-09.621 N,120-00.606 W,1188,1/30/2010,4/10/2010,R
Socal37-S,31-100130,585,2.01A,32-29.092 N,118-16.370 W,1375,1/30/2010,4/11/2010,R
SOCAL38-H,17-100410,584,2.02Q,32-50.555 N,119-10.252 W,989,4/10/2010,7/22/2010,R
SOCAL38-M,45-100409,596,2.02Q,33-30.897 N,119-14.896 W,917,4/9/2010,7/21/2010,R
SOCAL38-N,39-100411,566,2.02Q,32-22.180 N,118-33.800 W,1284,4/11/2010,7/23/2010,R
Socal38-P,31-100409,585,2.02Q,32-53.550 N,117-22.859 W,500,4/11/2010,TBD,R
Socal38-Q,19-100409,588,2.02Q,33-49.209 N,118-37.681 W,671,4/9/2010,7/21/2010,R
Socal38-R,29-100410,591,2.02Q,33-09.601 N,120-00.522 W,1202,4/10/2010,7/22/2010,R
Socal38-S,37-100411,587,2.02Q,32-29.092 N,118-16.309 W,1380,4/11/2010,7/23/2010,R
SOCAL40-H,29-100722,591,2.02R,32-50.552 N,119-10.254 W,1004,7/22/2010,12/6/2010,R
SOCAL40-M,68-100721,588,2.02R,33-30.891 N,119-14.832 W,909,7/21/2010,12/5/2010,R
SOCAL40-N,17-100722,584,2.02R,32-22.182 N,118-33.803 W,1288,7/22/2010,12/6/2010,R
Socal40-R,45-100721,596,2.02R,33-09.599 N,120-00.499 W,1197,7/22/2010,12/5/2010,R
Socal40-S,46-100723,566,2.02R,32-29.096 N,118-16.293 W,1388,7/23/2010,12/7/2010,R
Socal40-SN,52-100721,611,2.02R,32-54.897 N,120-22.523 W,1086,7/22/2010,12/6/2010,R
SOCAL41-H,45-101206,614,2.02S,32-50.553 N,119-10.247 W,1002,12/6/2010,5/11/2011,R
SOCAL41-M,33-101205,618,2.02S,33-30.897 N,119-14.888 W,919,12/5/2010,5/10/2011,R
SOCAL41-N,29-101206,591,2.02S,32-22.183 N,118-33.802 W,1271,12/6/2010,5/12/2011,R
Socal41-NE,58-101207,599,2.02R,32-22.174 N,118-33.474 W,1245,12/7/2010,1/5/2011,R
Socal41-NN,55-101206,605,2.10L,32-22.450 N,118-33.799 W,1275,12/6/2010,2/13/2011,R
Socal41-NS,56-101207,619,2.02R,32-21.913 N,118-33.805 W,1293,12/7/2010,1/5/2011,R
Socal41-NW,32-101207,604,2.10L,32-22.182 N,118-34.124 W,1315,12/7/2010,2/13/2011,R
Socal41-R,19-101205,588,2.02S,33-09.605 N,120-00.519 W,1197,12/5/2010,5/11/2011,R
Socal41-S,52-101207,566,2.02S,32-29.102 N,118-16.323 W,1380,12/7/2010,5/12/2011,R
Socal42-NE,58-110106,599,2.02R,32-22.182 N,118-33.478 W,1254,1/6/2011,2/13/2011,R
Socal42-NS,56-110106,619,2.02R,32-21.913 N,118-33.799 W,1293,1/6/2011,2/13/2011,R
SOCAL44-H,33-110511,618,2.02C,32-50.558 N,119-10.287 W,989,5/11/2011,10/13/2011,R
SOCAL44-M,43-110506,560,2.02S,33-30.887 N,119-14.875 W,928,5/6/2011,10/25/2011,R
SOCAL44-N,19-110511,588,2.02S,32-22.189 N,118-33.803 W,1282,5/12/2011,10/13/2011,R
SOCAL45-H,69-111014,649,2.02S,32-50.537 N,119-10.217 W,1008,10/14/2011,3/24/2012,R
SOCAL45-M,71-101025,618,2.02S,33-30.886 N,119-14.886 W,927,10/25/2011,3/21/2012,R
SOCAL45-N,66-111013,643,2.02S,32-22.199 N,118-33.894 W,1295,10/13/2011,3/24/2012,R
SOCAL46-H,76-120324,665,2.05A,32-50.529 N,119-10.191 W,993,3/24/2012,8/10/2012,R
SOCAL46-M,39-120321,662,2.02S,33-30.826 N,119-14.880 W,926,3/21/2012,8/9/2012,R
SOCAL46-N,43-120324,643,2.02S,32-22.200 N,118-33.903 W,1292,3/24/2012,8/10/2012,R
SOCAL47-H,13-120810,676,2.02S,32-50.806 N,119-10.575 W,1006,8/10/2012,12/19/2012,R
SOCAL47-M,68-120810,677,2.02S,33-30.547 N,119-14.444 W,660,8/9/2012,12/17/2012,R
SOCAL47-N,16-120810,668,2.02S,32-22.157 N,118-33.938 W,1285,8/10/2012,12/19/2012,R
SOCAL48-H,17-121221,697,2.05A,32-50.536 N,119-10.245 W,1000,12/20/2012,4/30/2013,R
SOCAL48-M,81-121216,691,2.02S,33-30.599 N,119-15.305 W,907,12/16/2012,4/30/2013,R
SOCAL48-N,71-121220,672,2.02S,32-22.196 N,118-33.917 W,1300,12/20/2012,5/1/2013,R
SOCAL49-H,68-130501,642,2.02S,32-50.419 N,119-10.118 W,990,5/1/2013,9/9/2013,R
SOCAL49-M,27-130430,700,2.02S,33-30.607 N,119-15.305 W,882,4/30/2013,9/9/2013,R
SOCAL49-N,81-130502,672,2.02S,32-22.194 N,118-33.892 W,1292,5/2/2013,9/10/2013,R
SOCAL50-H,86-130910,723,2.02U,32-50.307 N,119-10.006 W,NULL,9/10/2013,1/6/2014,R
SOCAL50-M,80-130909,724,2.02S,33-30.584 N,119-15.252 W,NULL,9/9/2013,1/6/2014,R
SOCAL51-H,32-140106,729,2.02S,32-50.307 N,119-10.006 W,960,1/6/2014,4/3/2014,R
SOCAL51-M,54-140106,731,2.02S,33-30.577 N,119-15.251 W,877,1/6/2014,4/4/2014,R
SOCAL51-N,86-140107,723,2.02U,32-22.194 N,118-33.892 W,1230,1/7/2014,4/4/2014,R
SOCAL52-H,81-140403,740,2.02U,32-50.800 N,119-10.588 W,986,4/3/2014,7/30/2014,R
SOCAL52-M,89-140403,736,2.02S,33-30.595 N,119-15.305 W,890,4/3/2014,7/28/2014,R
SOCAL52-N,32-140403,738,2.02S,32-22.197 N,118-33.913 W,1154,4/4/2014,7/30/2014,R
SOCAL53-H,89-140730,736,2.02S,32-50.693 N,119-10.564 W,NULL,7/30/2014,11/5/2014,R
SOCAL53-M,34-140730,714,2.02S,33-30.842 N,119-14.911 W,900,7/30/2014,11/3/2014,R
SOCAL53-N,81-140730,740,2.02U,32-22.185 N,118-33.820 W,NULL,7/30/2014,11/5/2014,R
Socal53-SN,54-140729,731,2.02S,32-54.917 N,120-22.532 W,NULL,7/29/2014,6/11/2015,R
SOCAL54-H,83-141105,742,2.02S,32-50.775 N,119-10.544 W,1000,11/5/2014,2/4/2014,R
SOCAL54-M,82-141103,599,2.02S,33-30.837 N,119-14.943 W,900,11/3/2014,2/4/2014,R
SOCAL54-N,89-141105,714,2.02S,32-22.180 N,118-33.951 W,NULL,11/5/2014,2/4/2014,R
SOCAL55-H,13-150204,734,2.02U,32-50.778 N,119-10.584 W,1000,2/4/2015,6/1/2015,R
SOCAL55-N,47-150204,736,2.02U,32-22.211 N,118-33.937 W,1000,2/4/2015,6/1/2015,R
SOCAL56-H,86-150601,711,2.02U,32-50.777 N,119-10.569 W,1000,6/1/2015,10/2/2015,R
SOCAL56-N,91-150601,706,2.02,32-22.223 N,118-33.841 W,NULL,6/1/2015,10/2/2015,R
SOCAL57-H,110-151003,683,2.74,32-50.761 N,119-10.606 W,NULL,10/3/2015,11/21/2015,R
SOCAL57-N,109-151003,724,2.74,32-22.212 N,118-33.871 W,1260,10/3/2015,11/21/2015,R
SOCAL_A2_01,132-160817,830,2.85,33-14.150 N,118-14.760 W,823,8/17/2016,12/13/2016,R
SOCAL_CB_01_01,74-160718,740,2.02U,33-13.000 N,118-36.000 W,1200,7/20/2016,8/2/2016,R
SOCAL_CB_01_02,55-160718,707,2.02U,33-12.035 N,118-33.762 W,1250,7/20/2016,8/2/2016,R
SOCAL_E_61,108-170304,830,2.86,32-39.535 N,119-28.710 W,1331,3/4/2017,7/10/2017,R
SOCAL_E_62,108-170711,830,2.86,32-39.538 N,119-28.812 W,1312,7/11/2017,3/14/2018,R
SOCAL_E_63_EE_C4,140-180314,907;908;909;910,2.97,32-39.540 N,119-28.625 W,NULL,3/14/2018,NULL,R
SOCAL_E_63_EN,102-180314,819,2.87,32-39.729 N,119-29.047 W,NULL,3/14/2018,7/11/2018,R
SOCAL_E_63_ES,132-180315,830,2.87,32-39.198 N,119-29.092 W,1330,3/15/2018,7/11/2018,R
SOCAL_E_63_EW_C4,111-180314,904;845;848;849,2.97,32-39.357 N,119-29.258 W,1320,3/14/2018,NULL,R
SOCAL_E_64,136-180711,876,2.87,32-39.453 N,119-28.564 W,1300,7/11/2018,11/29/2018,R
SOCAL_E_65,155-181128,809,2.87,32-39.375 N,119-28.415 W,1338,11/28/2018,5/7/2019,R
SOCAL_H2_67,137-190601,809,2.87,32-51.264 N,119-03.942 W,1562,6/1/2019,7/13/2019,R
SOCAL_H_58,111-151121,711,2.74,32-50.749 N,119-10.620 W,NULL,11/21/2015,7/6/2016,R
SOCAL_H_59,129-160706,700,2.85,32-50.703 N,119-10.583 W,1000,7/6/2016,11/9/2016,R
SOCAL_H_61,147-170221,844,2.86,32-50.752 N,119-10.523 W,1000,2/21/2017,6/6/2017,R
SOCAL_H_62,111-170606,821,2.86,32-50.754 N,119-10.525 W,1000,6/6/2017,10/4/2017,R
SOCAL_H_63,147-171005,813,2.87,32-50.728 N,119-10.484 W,NULL,10/5/2017,NULL,R
SOCAL_H_64,125-180203,855,2.87,32-50.704 N,119-10.472 W,1078,2/3/2018,7/9/2018,R
SOCAL_H_65,148-180709,815,2.87,32-50.536 N,119-10.249 W,1000,7/9/2018,11/28/2018,R
SOCAL_H_66,137-181128,876,2.87,32-50.509 N,119-10.023 W,1013,11/28/2018,5/5/2019,R
SOCAL_H_67_HE,160-190601,743,2.87,32-51.709 N,119-08.432 W,1270,6/1/2019,NULL,R
SOCAL_H_67_HS_C4,111-190505,904;845;848;849,2.97,32-51.147 N,119-08.329 W,1245,5/5/2019,11/9/2019,R
SOCAL_H_67_HW,137-190713,809,2.87,32-51.278 N,119-08.924 W,1128,7/13/2019,11/9/2019,R
SOCAL_N_58,102-151121,599,2.74,32-22.174 N,118-33.884 W,1200,11/21/2015,7/6/2015,R
SOCAL_N_59,117-160706,742,2.85,32-22.251 N,118-33.863 W,1200,7/6/2016,11/9/2016,R
SOCAL_N_60,126-161108,812,2.86,32-22.159 N,118-33.848 W,1200,11/8/2016,2/21/2017,R
SOCAL_N_61,148-170221,857,2.86,32-22.256 N,118-33.884 W,1300,2/21/2017,6/7/2017,R
SOCAL_N_62,117-170607,809,2.86,32-22.248 N,118-33.852 W,1300,6/7/2017,2/3/2018,R
SOCAL_N_63,133-180203,815,2.87,32-22.230 N,118-33.872 W,1296,2/3/2018,7/9/2018,R
SOCAL_N_64,137-180708,809,2.87,32-22.137 N,118-33.874 W,1290,7/9/2018,11/28/2018,R
SOCAL_N_65,125-181128,877,2.87,32-22.161 N,118-33.650 W,1240,11/28/2018,5/5/2019,R
SOCAL_N_66,139-190713,724,2.87,32-22.191 N,118-33.907 W,1285,7/13/2019,NULL,R
SOCAL_SN_56,81-150611,731,2.02U,32-54.945 N,120-22.558 W,1289,6/11/2015,3/17/2016,R
SOCAL_SN_57,104-160316,731,2.84,32-54.917 N,120-22.519 W,NULL,3/17/2016,3/4/2017,R
SOCAL_SN_58,125-170305,738,2.86,32-54.936 N,120-22.544 W,1090,3/4/2017,10/4/2017,R
SOCAL_SN_59,130-171004,738,2.87,32-54.771 N,120-22.445 W,NULL,10/4/2017,8/1/2018,R
SOCAL_T_01_A,108-160818,829,2.85,32-53.210 N,117-33.370 W,827,8/18/2016,12/13/2016,R
SOCAL_T_01_B,103-160928,823,2.85,32-53.914 N,117-36.586 W,900,9/28/2016,12/13/2016,R
SOCAL_T_01_C_C4,136-160928,781;782;784;805,2.95,32-51.387 N,117-35.762 W,900,9/28/2016,12/13/2016,R
SOCAL_T_01_D_C4,137-160928,747;804;749;764,2.95,32-51.566 N,117-35.714 W,900,9/28/2016,12/13/2016,R
SOCAL_T_02,132-170303,700,2.86,32-53.212 N,117-33.362 W,825,3/3/2017,7/6/2017,R
SOCAL_T_03,132-170708,700,2.86,32-53.199 N,117-33.496 W,814,7/8/2017,1/17/2018,R
SOCAL_T_test_DL111_C4,NULL,NULL,2.97,32-52.909 N,177-33.573 W,841,1/17/2018,1/22/2018,NULL
SOCAL_T_test_DL140_C4,NULL,NULL,2.97,32-53.122 N,177-33.756 W,842,1/17/2018,1/22/2018,NULL
SOCAL_U_01,103-181117,856,2.87,31-51.098 N,118-29.071 W,1200,11/17/2018,11/6/2019,R
Tinian02-A,56-110412,583,2.02S,15-02.344 N,145-45.130 E,995,4/12/2011,6/22/2012,R
Tinian03-A,56-120622,598,2.02S,15-02.388 N,145-45.319 E,NULL,6/23/2012,7/14/2013,R
Tinian04-A,56-130721,695,2.02S,15-02.241 N,145-45.228 E,1000,7/21/2013,6/14/2014,R
Tinian05-A,56-140615,651,2.02S,15-02.241 N,145-45.228 E,1000,6/15/2014,NULL,R
Tinian_A_06,15-150511,691,2.02S,15-02.402 N,145-45.379 E,NULL,5/11/2015,5/26/2016,R
Tinian_A_07,15-160527,668,NULL,15.02.241 N,145-45.228 E,NULL,5/27/2016,5/23/2017,R
TM01-A,NULL,NULL,NULL,NULL,NULL,NULL,NULL,NULL,NULL
TM02-A,NULL,NULL,NULL,NULL,NULL,NULL,NULL,NULL,NULL
TM03-A,NULL,NULL,NULL,NULL,NULL,NULL,NULL,NULL,NULL
USWTR01-A,08-071009,H412,1.17,33-47.483 N,76-31.429 W,162,10/9/2007,5/27/2008,R
USWTR02-B,08-080530,H412,1.17,33-48.664 N,76-25.697 W,232,5/30/2008,11/24/2008,R
USWTR03-A,NULL,NULL,NULL,33-47.371 N,76-31.152 W,174,NULL,NULL,NULL
USWTR04-A,08-091108,579,2.01A,33-47.240 N,76-31.445 W,171,11/8/2009,6/19/2010,R
USWTR04-C,42-091108,561,2.01A,33-40.670 N,76-28.613 W,335,11/8/2009,6/19/2010,R
USWTR05-A,08-100729,579,2.02Q,33-47.590 N,76-30.972 W,174,7/29/2010,6/10/2011,R
USWTR05-D,42-100729,561,2.02Q,33-34.839 N,76-33.009 W,338,7/29/2010,6/10/2011,R
USWTR06-E,08-110818,579,2.02S,33-46.676 N,75-55.585 W,952,8/18/2011,7/13/2012,R
USWTR07-E,34-120714,640,2.02S,33-47.200 N,75-55.750 W,914,7/13/2012,10/24/2012,R
USWTR08-E,42-121024,685,2.02S,33-47.230 N,75-55.650 W,853,10/24/2012,8/8/2013,R
Wake01-S,24-100130,593,NULL,19-13.200 N,166-41.005 E,800,1/30/2010,5/4/2010,R
Wake03-S,58-110325,599,NULL,19-13.254 N,166-41.563 E,886,3/25/2011,2/6/2012,R
Wake04-S,58-120214,599,NULL,19-13.294 N,166-41.563 E,935,2/14/2012,6/9/2014,R
Wake05-S,15-140609,730,2.02S,19-13.330 N,166-41.673 E,849,6/9/2014,5/9/2015,R
Wake_S_06,36-150511,678,2.02S,19-13.408 N,166-41.671 E,620,5/11/2015,5/24/2015,R
Wake_S_07,58-160402,651,NULL,19-22.324 N,166-69.378 E,620,4/2/2016,5/23/2017,R
Wake_S_08,146-170422,831,2.86,19-22.424 N,166-69.260 E,882,4/22/2017,6/3/2018,R
WAT_BC_01,124-160420,814,2.84,39-11.463 N,72-13.722 W,1000,4/20/2016,NULL,R
WAT_BC_02,123-170630,876,2.86,39-11.430 N,72-13.628 W,1000,6/30/2017,6/3/2018,R
WAT_BC_03,117-180603,802,2.87,39-11.515 N,72-13.641 W,NULL,6/3/2018,5/19/2019,R
WAT_BP_01,114-160428,810,2.84,32-06.362 N,77-05.659 W,945,4/28/2016,6/27/2017,R
WAT_BP_02,121-170627,842,2.86,32-06.417 N,77-05.406 W,941,6/27/2017,6/28/2018,R
WAT_BP_03,115-180628,879,2.87,32-06.316 N,77-05.440 W,940,6/28/2018,6/17/2019,R
WAT_BR_01,133-180725,860,2.87,40-01.967 N,67-59.301 W,2085,7/25/2018,8/17/2018,R
WAT_BS_01,121-160427,815,2.84,30-35.027 N,77-23.443 W,1005,4/27/2016,6/26/2017,R
WAT_BS_02,128-170626,879,2.86,30-34.982 N,77-23.426 W,1005,6/26/2017,6/27/2018,R
WAT_BS_03,120-180627,841,2.87,30-34.977 N,77-23.401 W,1000,6/27/2018,6/16/2019,R
WAT_GS_01,120-160429,813,2.84,33-39.938 N,76-00.083 W,953,4/28/2016,6/27/2017,R
WAT_GS_02,114-170627,878,2.86,33-40.021 N,75-59.968 W,930,6/27/2017,6/28/2018,R
WAT_GS_03,128-180628,844,2.87,33-40.195 N,75-59.862 W,940,6/28/2018,6/17/2019,R
WAT_HZ_01,34-150626,734,2.02U,41-03.715 N,66-21.092 W,845,6/26/2015,4/22/2016,R
WAT_HZ_02,102-160422,803,2.84,41-03.710 N,66-21.095 W,845,4/22/2016,7/8/2017,R
WAT_HZ_03,137-170708,865,2.86,41-03.699 N,66-21.093 W,1090,7/8/2017,6/11/2018,R
WAT_HZ_04,149-180611,810,2.87,41-03.699 N,66-21.093 W,1090,6/11/2018,NULL,R
WAT_NC_01,72-150426,740,2.02U,39-49.949 N,69-58.928 W,977,4/26/2015,4/21/2016,R
WAT_NC_02,130-160421,811,2.84,39-49.943 N,69-58.926 W,977,4/21/2016,NULL,R
WAT_NC_03,136-170716,856,2.86,39-49.955 N,69-58.915 W,919,7/16/2017,6/9/2018,R
WAT_NC_04,129-180609,811,2.87,39-49.977 N,69-58.916 W,NULL,6/9/2018,NULL,R
WAT_OC_01,74-150425,707,2.02U,40-15.798 N,67-59.174 W,1100,4/25/2015,4/23/2016,R
WAT_OC_02,125-160424,820,2.84,40-15.799 N,67-59.174 W,NULL,4/23/2016,7/7/2017,R
WAT_OC_03,148-170707,857,2.86,40-15.800 N,67-59.180 W,790,7/7/2017,6/9/2018,R
WAT_OC_04,110-180610,816,2.87,40-13.800 N,67-58.679 W,NULL,6/10/2018,NULL,R
WAT_WC_01,123-160420,802,2.84,38-22.449 N,73-22.241 W,1000,4/20/2016,6/29/2017,R
WAT_WC_02,110-170629,NULL,2.86,38-22.431 N,73-22.209 W,1000,6/29/2017,6/2/2018,R
WAT_WC_03,108-180602,820,2.87,38-22.402 N,73-22.191 W,974,6/2/2018,5/19/2019,R
WG02,NULL,NULL,NULL,19-58.560 N,155-52.800 W,8,10/9/2009,10/13/2009,R
WG03,NULL,NULL,NULL,NULL,NULL,0,NULL,NULL,R
WG04,NULL,NULL,NULL,NULL,NULL,0,NULL,NULL,R
WG05,40-100727,569,2.01A,SIO pier,NULL,0,7/27/2010,TBD,R
WG06,40-100729,NULL,2.01A,SIO pier,NULL,0,7/29/2010,TBD,R
WG09,40-110621,569,NULL,1 m off pier,over cliff,NULL,NULL,6/21/2011,R
